{"cameraMode":{"drawMode":0,"name":"Shaded","section":"Shading Mode"},"sceneLighting":true,"audioPlay":false,"sceneViewState":{"m_AlwaysRefresh":false,"showFog":true,"showSkybox":true,"showFlares":true,"showImageEffects":true,"showParticleSystems":true,"showVisualEffectGraphs":true,"m_FxEnabled":true},"in2DMode":false,"pivot":{"x":55.885013580322269,"y":-0.6038994789123535,"z":5.802665710449219},"rotation":{"x":0.001520452438853681,"y":-0.6812244057655335,"z":-0.0014487012522295118,"w":-0.7321116924285889},"size":29.58264923095703,"orthographic":false}